{
  "name": "functions",
  "scripts": {
    "build": "tsc",
    "serve": "npm run build && firebase emulators:start --only functions",
    "shell": "npm run build && firebase functions:shell",
    "start": "npm run shell",
    "deploy": "firebase deploy --only functions",
    "logs": "firebase functions:log"
  },
  "engines": {
    "node": "12"
  },
  "main": "lib/index.js",
  "dependencies": {
    "firebase-admin": "^9.2.0",
    "firebase-functions": "^3.11.0"
  },
  "devDependencies": {
    "typescript": "^3.8.0",
    "firebase-functions-test": "^0.2.0"
  },
  "private": true
}
